# Genome: NC_000913.3, Window Size: 1000 bp
Start_Position,GC_Content
0,50.70
1000,53.20
2000,51.90
3000,56.10
4000,53.20
5000,47.00
6000,51.40
7000,54.00
8000,50.60
9000,52.60
10000,52.50
11000,44.70
12000,49.70
13000,52.50
14000,53.10
15000,55.00
16000,49.90
17000,43.90
18000,50.30
19000,47.80
20000,50.40
21000,51.50
22000,53.50
23000,56.70
24000,55.30
25000,54.50
26000,55.10
27000,54.10
28000,53.40
29000,41.70
30000,55.00
31000,54.80
32000,57.60
33000,57.50
34000,45.30
35000,56.80
36000,47.00
37000,52.20
38000,52.40
39000,53.70
40000,53.80
41000,49.30
42000,44.10
43000,56.60
44000,55.40
45000,54.90
46000,52.40
47000,53.00
48000,57.70
49000,50.50
50000,55.20
51000,52.90
52000,54.20
53000,54.60
54000,52.60
55000,50.60
56000,52.30
57000,51.50
58000,43.90
59000,47.80
60000,55.00
61000,54.40
62000,57.20
63000,52.00
64000,54.40
65000,55.20
66000,56.20
67000,56.10
68000,57.20
69000,58.10
70000,49.40
71000,52.80
72000,56.10
73000,58.70
74000,57.40
75000,51.90
76000,54.60
77000,50.60
78000,49.10
79000,55.40
80000,54.50
81000,55.00
82000,52.80
83000,49.00
84000,38.00
85000,47.30
86000,52.30
87000,49.60
88000,54.10
89000,47.00
90000,55.00
91000,52.60
92000,54.00
93000,56.00
94000,56.80
95000,54.90
96000,53.60
97000,53.90
98000,55.30
99000,53.10
100000,53.90
101000,56.00
102000,51.80
103000,53.60
104000,52.80
105000,52.70
106000,52.40
107000,48.80
108000,52.00
109000,52.80
110000,51.60
111000,49.80
112000,52.20
113000,46.50
114000,54.00
115000,53.30
116000,53.70
117000,51.50
118000,53.50
119000,51.90
120000,52.80
121000,44.50
122000,52.00
123000,53.10
124000,53.40
125000,52.10
126000,55.30
127000,51.90
128000,52.20
129000,54.80
130000,52.30
131000,51.60
132000,56.20
133000,56.50
134000,51.30
135000,48.20
136000,48.90
137000,55.70
138000,51.20
139000,56.00
140000,54.60
141000,49.70
142000,49.30
143000,49.30
144000,50.90
145000,48.90
146000,50.80
147000,48.90
148000,52.80
149000,50.20
150000,39.00
151000,42.80
152000,41.10
153000,43.40
154000,44.70
155000,44.20
156000,39.80
157000,46.10
158000,55.40
159000,53.20
160000,50.30
161000,52.90
162000,56.10
163000,57.70
164000,53.00
165000,54.90
166000,56.60
167000,50.70
168000,50.70
169000,50.80
170000,57.40
171000,56.30
172000,61.50
173000,56.40
174000,53.70
175000,50.80
176000,52.20
177000,51.70
178000,55.10
179000,50.60
180000,44.30
181000,54.90
182000,52.00
183000,50.80
184000,48.60
185000,52.20
186000,53.90
187000,55.50
188000,51.40
189000,48.40
190000,50.80
191000,48.80
192000,51.70
193000,51.80
194000,51.00
195000,50.70
196000,50.50
197000,50.60
198000,50.60
199000,50.90
200000,49.60
201000,53.00
202000,50.20
203000,53.00
204000,56.60
205000,56.30
206000,56.00
207000,53.30
208000,51.40
209000,51.10
210000,52.60
211000,50.30
212000,56.60
213000,54.30
214000,51.70
215000,52.70
216000,49.20
217000,52.40
218000,54.10
219000,54.90
220000,47.60
221000,52.10
222000,50.20
223000,48.40
224000,55.20
225000,48.80
226000,53.60
227000,52.50
228000,54.80
229000,45.40
230000,47.60
231000,51.60
232000,49.10
233000,51.70
234000,42.50
235000,49.80
236000,49.80
237000,39.00
238000,34.00
239000,51.60
240000,48.20
241000,56.30
242000,58.80
243000,50.80
244000,53.10
245000,48.60
246000,42.30
247000,49.60
248000,55.00
249000,60.50
250000,51.70
251000,53.10
252000,43.10
253000,48.10
254000,51.20
255000,49.90
256000,53.10
257000,50.30
258000,53.60
259000,45.30
260000,49.30
261000,57.20
262000,50.00
263000,49.50
264000,56.20
265000,55.10
266000,52.80
267000,56.60
268000,55.20
269000,45.60
270000,46.80
271000,47.20
272000,55.90
273000,54.10
274000,54.10
275000,52.90
276000,55.90
277000,59.70
278000,55.30
279000,53.70
280000,49.00
281000,63.10
282000,58.90
283000,67.10
284000,66.50
285000,55.90
286000,61.70
287000,65.90
288000,64.50
289000,60.00
290000,48.30
291000,51.40
292000,44.00
293000,37.90
294000,35.40
295000,42.10
296000,45.10
297000,47.60
298000,59.00
299000,61.00
300000,59.00
301000,60.00
302000,48.40
303000,45.00
304000,50.40
305000,51.30
306000,52.90
307000,54.20
308000,56.50
309000,54.80
310000,49.10
311000,36.10
312000,43.30
313000,38.10
314000,43.40
315000,54.10
316000,47.10
317000,42.20
318000,40.70
319000,45.80
320000,46.50
321000,42.70
322000,50.20
323000,51.40
324000,45.60
325000,45.40
326000,57.50
327000,56.90
328000,59.30
329000,52.30
330000,55.50
331000,44.10
332000,42.10
333000,48.60
334000,48.50
335000,45.50
336000,46.40
337000,57.50
338000,55.80
339000,59.90
340000,56.50
341000,56.10
342000,50.30
343000,52.40
344000,37.90
345000,45.40
346000,45.70
347000,56.80
348000,48.30
349000,57.00
350000,55.90
351000,58.10
352000,54.00
353000,59.10
354000,55.30
355000,53.90
356000,53.70
357000,54.30
358000,53.70
359000,54.20
360000,59.50
361000,46.60
362000,47.70
363000,52.30
364000,57.40
365000,54.40
366000,55.90
367000,55.60
368000,53.20
369000,56.10
370000,59.10
371000,54.20
372000,54.30
373000,54.80
374000,57.40
375000,58.20
376000,53.90
377000,50.30
378000,52.40
379000,51.50
380000,50.70
381000,49.70
382000,50.80
383000,50.00
384000,38.70
385000,50.60
386000,55.60
387000,57.80
388000,53.80
389000,49.00
390000,37.80
391000,44.40
392000,54.80
393000,50.10
394000,42.80
395000,54.60
396000,49.00
397000,51.60
398000,53.20
399000,47.40
400000,50.80
401000,40.30
402000,54.10
403000,51.40
404000,52.30
405000,53.50
406000,50.30
407000,45.10
408000,46.90
409000,51.60
410000,53.50
411000,52.10
412000,52.10
413000,51.80
414000,55.40
415000,54.00
416000,53.20
417000,52.20
418000,54.20
419000,47.10
420000,54.60
421000,53.30
422000,53.00
423000,54.60
424000,53.40
425000,55.00
426000,51.60
427000,49.30
428000,54.20
429000,51.40
430000,48.30
431000,49.90
432000,45.10
433000,54.70
434000,53.70
435000,52.10
436000,54.70
437000,53.50
438000,53.70
439000,52.80
440000,53.90
441000,51.40
442000,53.70
443000,54.30
444000,50.60
445000,50.50
446000,51.90
447000,52.20
448000,51.80
449000,54.90
450000,52.90
451000,44.40
452000,51.10
453000,54.90
454000,46.20
455000,50.30
456000,49.30
457000,51.80
458000,50.20
459000,51.80
460000,53.80
461000,48.60
462000,52.20
463000,51.50
464000,49.60
465000,51.70
466000,51.40
467000,52.20
468000,49.50
469000,54.00
470000,55.40
471000,55.10
472000,52.40
473000,56.40
474000,54.30
475000,51.10
476000,53.90
477000,48.20
478000,47.60
479000,47.20
480000,40.10
481000,49.50
482000,52.30
483000,54.80
484000,53.70
485000,49.80
486000,45.70
487000,50.50
488000,55.00
489000,52.40
490000,53.50
491000,52.50
492000,56.60
493000,58.80
494000,55.50
495000,50.90
496000,53.40
497000,50.50
498000,53.20
499000,51.60
500000,51.70
501000,53.50
502000,55.70
503000,47.50
504000,51.80
505000,51.00
506000,51.70
507000,50.40
508000,50.50
509000,59.00
510000,58.50
511000,50.90
512000,54.90
513000,51.20
514000,57.70
515000,49.40
516000,46.30
517000,54.00
518000,54.20
519000,53.80
520000,58.30
521000,57.90
522000,51.70
523000,56.60
524000,64.10
525000,62.10
526000,61.90
527000,35.40
528000,39.20
529000,43.90
530000,54.10
531000,53.00
532000,46.80
533000,51.20
534000,54.80
535000,49.40
536000,45.40
537000,46.00
538000,47.40
539000,50.60
540000,51.70
541000,49.00
542000,57.90
543000,45.20
544000,50.80
545000,50.50
546000,46.80
547000,58.10
548000,55.60
549000,58.20
550000,57.00
551000,55.80
552000,58.30
553000,53.70
554000,47.30
555000,57.10
556000,54.00
557000,51.60
558000,38.90
559000,43.10
560000,46.80
561000,48.90
562000,45.00
563000,47.50
564000,42.60
565000,47.20
566000,51.30
567000,55.00
568000,39.00
569000,36.80
570000,33.00
571000,39.20
572000,46.10
573000,50.80
574000,44.40
575000,52.10
576000,42.60
577000,42.10
578000,46.40
579000,37.70
580000,44.40
581000,52.30
582000,42.30
583000,30.90
584000,33.00
585000,40.90
586000,47.50
587000,51.50
588000,56.20
589000,57.00
590000,51.70
591000,54.40
592000,52.20
593000,49.90
594000,51.30
595000,53.40
596000,48.90
597000,49.30
598000,55.90
599000,56.30
600000,55.50
601000,55.60
602000,53.00
603000,47.80
604000,49.70
605000,48.40
606000,51.60
607000,47.50
608000,52.10
609000,48.60
610000,51.60
611000,54.30
612000,51.90
613000,54.80
614000,56.70
615000,56.20
616000,57.50
617000,56.70
618000,41.70
619000,51.60
620000,57.10
621000,60.60
622000,55.40
623000,55.90
624000,52.70
625000,57.80
626000,55.60
627000,55.10
628000,57.10
629000,52.50
630000,58.30
631000,57.20
632000,54.40
633000,54.00
634000,53.10
635000,45.70
636000,41.80
637000,39.60
638000,45.30
639000,51.90
640000,54.50
641000,49.20
642000,50.00
643000,51.00
644000,49.30
645000,50.70
646000,50.60
647000,56.30
648000,56.30
649000,57.50
650000,56.70
651000,47.10
652000,44.00
653000,51.40
654000,51.80
655000,49.40
656000,37.80
657000,43.50
658000,52.40
659000,51.90
660000,46.20
661000,41.40
662000,48.10
663000,49.90
664000,56.10
665000,53.90
666000,52.10
667000,51.90
668000,55.30
669000,49.80
670000,50.90
671000,52.50
672000,53.50
673000,54.60
674000,50.50
675000,50.60
676000,42.50
677000,46.70
678000,46.40
679000,43.30
680000,48.40
681000,50.80
682000,51.50
683000,45.80
684000,53.30
685000,50.40
686000,50.90
687000,48.10
688000,55.10
689000,51.10
690000,54.70
691000,50.90
692000,53.60
693000,53.00
694000,55.30
695000,57.10
696000,52.00
697000,49.10
698000,51.50
699000,49.10
700000,52.00
701000,51.40
702000,51.80
703000,45.60
704000,57.10
705000,51.90
706000,51.50
707000,51.10
708000,45.00
709000,51.80
710000,44.80
711000,51.60
712000,49.70
713000,51.40
714000,56.80
715000,46.10
716000,42.70
717000,51.30
718000,51.00
719000,49.10
720000,41.70
721000,53.80
722000,56.80
723000,58.60
724000,56.60
725000,55.50
726000,57.30
727000,56.30
728000,49.80
729000,50.50
730000,63.90
731000,58.90
732000,63.00
733000,43.10
734000,57.30
735000,43.30
736000,33.30
737000,41.70
738000,39.10
739000,51.10
740000,54.60
741000,51.90
742000,49.20
743000,54.70
744000,58.30
745000,55.70
746000,53.20
747000,53.10
748000,44.90
749000,48.80
750000,51.40
751000,49.10
752000,41.90
753000,47.90
754000,44.20
755000,51.00
756000,56.60
757000,55.30
758000,50.70
759000,55.30
760000,57.40
761000,55.40
762000,54.80
763000,54.10
764000,54.40
765000,45.30
766000,55.10
767000,54.00
768000,48.70
769000,50.00
770000,45.40
771000,43.60
772000,53.70
773000,55.00
774000,48.70
775000,51.30
776000,51.80
777000,51.00
778000,53.20
779000,50.90
780000,48.30
781000,50.80
782000,48.70
783000,48.80
784000,51.60
785000,46.10
786000,53.00
787000,50.20
788000,54.50
789000,53.00
790000,56.20
791000,54.40
792000,48.10
793000,53.80
794000,49.10
795000,49.90
796000,54.40
797000,52.90
798000,52.20
799000,52.70
800000,41.60
801000,46.60
802000,50.10
803000,48.40
804000,54.50
805000,50.30
806000,52.60
807000,51.10
808000,57.00
809000,54.80
810000,56.10
811000,58.90
812000,52.90
813000,46.20
814000,54.70
815000,51.40
816000,49.30
817000,54.40
818000,53.10
819000,54.70
820000,43.70
821000,46.10
822000,54.30
823000,54.70
824000,53.30
825000,52.60
826000,54.10
827000,54.90
828000,57.00
829000,56.70
830000,52.90
831000,54.60
832000,52.70
833000,53.30
834000,54.60
835000,54.20
836000,53.70
837000,52.50
838000,49.00
839000,53.00
840000,54.60
841000,49.80
842000,50.50
843000,53.30
844000,52.10
845000,52.30
846000,54.00
847000,49.90
848000,45.40
849000,49.50
850000,45.70
851000,49.20
852000,47.70
853000,50.50
854000,51.60
855000,51.30
856000,53.60
857000,51.30
858000,55.90
859000,45.70
860000,54.10
861000,53.80
862000,54.00
863000,52.90
864000,54.40
865000,56.60
866000,53.20
867000,55.00
868000,55.00
869000,51.40
870000,53.10
871000,54.20
872000,49.70
873000,38.50
874000,43.40
875000,43.80
876000,47.20
877000,52.30
878000,48.00
879000,50.90
880000,49.10
881000,51.20
882000,51.40
883000,48.00
884000,52.10
885000,48.80
886000,54.10
887000,49.70
888000,52.10
889000,47.20
890000,46.60
891000,52.30
892000,55.10
893000,44.30
894000,53.00
895000,55.30
896000,51.80
897000,53.60
898000,53.10
899000,52.90
900000,45.70
901000,53.50
902000,51.30
903000,50.50
904000,51.40
905000,56.10
906000,52.40
907000,55.50
908000,55.90
909000,54.40
910000,55.00
911000,54.30
912000,55.10
913000,51.60
914000,46.80
915000,55.00
916000,45.50
917000,52.60
918000,51.90
919000,50.70
920000,54.90
921000,51.70
922000,48.40
923000,52.10
924000,51.20
925000,49.50
926000,46.30
927000,54.30
928000,54.30
929000,54.60
930000,52.30
931000,52.30
932000,45.60
933000,50.60
934000,56.40
935000,56.20
936000,51.60
937000,50.70
938000,54.20
939000,52.20
940000,48.20
941000,54.80
942000,52.20
943000,50.80
944000,53.40
945000,46.00
946000,51.90
947000,45.70
948000,46.40
949000,45.50
950000,47.40
951000,49.60
952000,51.80
953000,49.00
954000,42.80
955000,51.60
956000,49.10
957000,47.70
958000,49.70
959000,50.90
960000,47.60
961000,51.50
962000,51.30
963000,50.60
964000,46.60
965000,51.40
966000,49.10
967000,50.20
968000,54.50
969000,52.40
970000,51.10
971000,49.60
972000,54.50
973000,50.20
974000,53.30
975000,51.20
976000,55.00
977000,57.60
978000,55.50
979000,54.90
980000,51.10
981000,54.00
982000,51.50
983000,51.00
984000,50.20
985000,49.70
986000,47.70
987000,40.80
988000,52.90
989000,50.20
990000,48.60
991000,52.80
992000,54.60
993000,55.30
994000,55.80
995000,56.40
996000,53.10
997000,42.80
998000,43.60
999000,45.40
1000000,47.50
1001000,49.10
1002000,48.10
1003000,48.30
1004000,52.20
1005000,43.80
1006000,49.80
1007000,50.80
1008000,55.50
1009000,52.20
1010000,52.70
1011000,50.60
1012000,53.70
1013000,50.10
1014000,49.30
1015000,49.40
1016000,51.30
1017000,52.40
1018000,47.00
1019000,54.00
1020000,45.50
1021000,45.70
1022000,52.80
1023000,53.00
1024000,49.90
1025000,52.80
1026000,52.80
1027000,47.20
1028000,53.20
1029000,51.60
1030000,49.40
1031000,46.20
1032000,56.00
1033000,55.80
1034000,57.50
1035000,54.20
1036000,56.70
1037000,51.70
1038000,55.80
1039000,54.60
1040000,52.10
1041000,52.00
1042000,51.20
1043000,50.80
1044000,50.30
1045000,50.10
1046000,52.20
1047000,51.10
1048000,52.70
1049000,48.60
1050000,45.80
1051000,42.80
1052000,46.90
1053000,50.10
1054000,55.20
1055000,53.80
1056000,53.10
1057000,51.90
1058000,50.80
1059000,55.00
1060000,54.10
1061000,55.70
1062000,53.20
1063000,50.00
1064000,33.30
1065000,45.40
1066000,49.50
1067000,49.30
1068000,51.00
1069000,55.30
1070000,57.90
1071000,56.80
1072000,56.00
1073000,54.70
1074000,49.80
1075000,57.50
1076000,59.10
1077000,55.00
1078000,54.50
1079000,47.20
1080000,57.00
1081000,48.90
1082000,51.80
1083000,53.10
1084000,50.60
1085000,52.30
1086000,46.10
1087000,46.20
1088000,42.60
1089000,47.00
1090000,48.30
1091000,47.50
1092000,37.50
1093000,37.40
1094000,52.30
1095000,46.10
1096000,42.60
1097000,52.90
1098000,50.60
1099000,50.30
1100000,51.10
1101000,48.40
1102000,43.10
1103000,34.90
1104000,46.20
1105000,44.40
1106000,52.40
1107000,47.50
1108000,43.60
1109000,46.40
1110000,53.10
1111000,53.90
1112000,55.70
1113000,51.20
1114000,50.30
1115000,54.40
1116000,48.60
1117000,48.90
1118000,50.30
1119000,43.60
1120000,50.20
1121000,44.90
1122000,51.20
1123000,49.30
1124000,54.70
1125000,48.30
1126000,52.40
1127000,54.20
1128000,54.60
1129000,50.40
1130000,51.60
1131000,53.50
1132000,53.60
1133000,52.60
1134000,55.30
1135000,54.30
1136000,52.90
1137000,55.50
1138000,52.50
1139000,51.40
1140000,50.30
1141000,54.60
1142000,57.00
1143000,55.50
1144000,45.90
1145000,52.10
1146000,48.00
1147000,52.80
1148000,51.20
1149000,55.10
1150000,52.30
1151000,49.50
1152000,53.70
1153000,50.30
1154000,51.50
1155000,52.40
1156000,52.90
1157000,48.80
1158000,53.00
1159000,51.80
1160000,49.50
1161000,46.00
1162000,53.30
1163000,53.90
1164000,53.30
1165000,46.80
1166000,51.70
1167000,53.50
1168000,46.80
1169000,49.60
1170000,52.20
1171000,54.00
1172000,56.10
1173000,54.50
1174000,51.00
1175000,49.30
1176000,53.40
1177000,55.80
1178000,50.40
1179000,52.30
1180000,46.90
1181000,45.00
1182000,50.50
1183000,51.30
1184000,49.90
1185000,48.70
1186000,50.40
1187000,54.50
1188000,51.90
1189000,49.50
1190000,48.40
1191000,52.10
1192000,56.10
1193000,51.60
1194000,50.60
1195000,49.40
1196000,44.80
1197000,32.80
1198000,33.50
1199000,40.80
1200000,44.90
1201000,46.20
1202000,43.80
1203000,47.70
1204000,53.90
1205000,55.50
1206000,57.50
1207000,54.80
1208000,45.60
1209000,45.60
1210000,39.60
1211000,34.90
1212000,31.80
1213000,46.70
1214000,41.00
1215000,39.70
1216000,34.80
1217000,44.30
1218000,42.00
1219000,38.00
1220000,37.00
1221000,50.20
1222000,48.40
1223000,42.70
1224000,47.20
1225000,49.70
1226000,41.50
1227000,44.70
1228000,51.00
1229000,41.70
1230000,39.70
1231000,51.10
1232000,52.80
1233000,51.40
1234000,49.70
1235000,50.70
1236000,49.60
1237000,50.70
1238000,56.40
1239000,57.20
1240000,50.00
1241000,52.70
1242000,51.20
1243000,51.50
1244000,49.30
1245000,45.70
1246000,52.90
1247000,47.40
1248000,50.10
1249000,52.50
1250000,51.00
1251000,50.40
1252000,51.50
1253000,48.90
1254000,52.70
1255000,46.90
1256000,37.20
1257000,49.90
1258000,48.90
1259000,55.80
1260000,51.60
1261000,52.80
1262000,52.40
1263000,51.10
1264000,54.30
1265000,53.20
1266000,53.40
1267000,48.20
1268000,50.00
1269000,51.40
1270000,49.00
1271000,45.80
1272000,49.20
1273000,48.30
1274000,51.00
1275000,52.80
1276000,53.70
1277000,48.40
1278000,53.90
1279000,45.50
1280000,55.70
1281000,55.80
1282000,54.90
1283000,53.80
1284000,53.80
1285000,55.70
1286000,56.10
1287000,50.80
1288000,46.90
1289000,49.30
1290000,48.80
1291000,46.50
1292000,45.30
1293000,40.80
1294000,49.60
1295000,54.50
1296000,51.20
1297000,49.20
1298000,43.10
1299000,47.40
1300000,47.60
1301000,46.40
1302000,48.10
1303000,47.00
1304000,53.10
1305000,51.20
1306000,50.40
1307000,50.10
1308000,50.70
1309000,41.50
1310000,43.40
1311000,50.80
1312000,47.60
1313000,46.20
1314000,47.40
1315000,42.10
1316000,46.50
1317000,54.70
1318000,54.00
1319000,53.00
1320000,57.10
1321000,57.00
1322000,51.30
1323000,51.30
1324000,48.60
1325000,45.50
1326000,48.20
1327000,52.20
1328000,53.10
1329000,49.90
1330000,48.30
1331000,52.70
1332000,51.10
1333000,46.10
1334000,47.20
1335000,43.90
1336000,53.80
1337000,52.40
1338000,50.40
1339000,50.20
1340000,49.70
1341000,49.60
1342000,52.60
1343000,44.20
1344000,46.40
1345000,47.30
1346000,47.60
1347000,53.50
1348000,52.30
1349000,50.70
1350000,53.20
1351000,50.90
1352000,50.50
1353000,52.60
1354000,54.90
1355000,53.30
1356000,54.00
1357000,49.60
1358000,53.60
1359000,54.50
1360000,51.20
1361000,50.10
1362000,49.80
1363000,58.60
1364000,57.70
1365000,58.10
1366000,55.50
1367000,50.70
1368000,48.50
1369000,50.80
1370000,42.70
1371000,44.00
1372000,51.60
1373000,53.50
1374000,52.00
1375000,56.20
1376000,53.50
1377000,54.20
1378000,55.00
1379000,53.40
1380000,54.20
1381000,48.50
1382000,49.40
1383000,46.00
1384000,55.30
1385000,54.70
1386000,52.00
1387000,52.70
1388000,49.80
1389000,54.50
1390000,49.20
1391000,46.50
1392000,45.10
1393000,47.00
1394000,46.20
1395000,43.10
1396000,54.50
1397000,46.20
1398000,49.20
1399000,48.70
1400000,48.40
1401000,49.80
1402000,54.10
1403000,54.80
1404000,49.60
1405000,46.60
1406000,52.90
1407000,43.80
1408000,52.20
1409000,50.40
1410000,51.00
1411000,48.50
1412000,43.50
1413000,40.20
1414000,47.50
1415000,48.80
1416000,51.50
1417000,41.70
1418000,41.40
1419000,45.50
1420000,45.80
1421000,47.70
1422000,51.40
1423000,44.80
1424000,38.80
1425000,44.40
1426000,45.20
1427000,49.80
1428000,56.30
1429000,58.80
1430000,53.70
1431000,49.00
1432000,48.60
1433000,40.40
1434000,36.20
1435000,45.80
1436000,45.80
1437000,47.20
1438000,54.50
1439000,52.40
1440000,52.10
1441000,49.40
1442000,47.00
1443000,52.40
1444000,54.20
1445000,46.30
1446000,45.60
1447000,50.30
1448000,53.00
1449000,50.90
1450000,49.60
1451000,49.70
1452000,55.40
1453000,48.00
1454000,51.40
1455000,53.10
1456000,54.40
1457000,53.30
1458000,55.00
1459000,53.90
1460000,52.20
1461000,56.30
1462000,52.50
1463000,50.80
1464000,51.10
1465000,39.70
1466000,54.90
1467000,47.70
1468000,54.60
1469000,46.60
1470000,42.70
1471000,45.10
1472000,52.00
1473000,54.50
1474000,51.10
1475000,40.60
1476000,43.20
1477000,46.10
1478000,44.80
1479000,48.30
1480000,51.70
1481000,50.70
1482000,50.30
1483000,51.60
1484000,55.30
1485000,53.90
1486000,51.40
1487000,48.50
1488000,49.20
1489000,48.90
1490000,46.40
1491000,46.60
1492000,45.00
1493000,53.90
1494000,51.20
1495000,48.60
1496000,50.00
1497000,50.30
1498000,47.50
1499000,47.50
1500000,48.40
1501000,49.00
1502000,43.70
1503000,47.20
1504000,52.40
1505000,53.40
1506000,50.00
1507000,50.60
1508000,51.40
1509000,43.90
1510000,51.10
1511000,49.70
1512000,53.70
1513000,53.30
1514000,53.70
1515000,53.30
1516000,53.40
1517000,45.30
1518000,51.30
1519000,52.20
1520000,43.60
1521000,48.20
1522000,54.40
1523000,47.80
1524000,50.20
1525000,52.50
1526000,42.50
1527000,38.50
1528000,64.70
1529000,49.50
1530000,33.60
1531000,36.20
1532000,42.70
1533000,48.10
1534000,51.10
1535000,52.60
1536000,53.30
1537000,56.90
1538000,53.40
1539000,55.80
1540000,55.10
1541000,54.50
1542000,53.60
1543000,48.80
1544000,34.20
1545000,36.10
1546000,42.50
1547000,50.90
1548000,53.70
1549000,55.50
1550000,53.70
1551000,52.00
1552000,48.70
1553000,52.10
1554000,52.90
1555000,48.00
1556000,44.50
1557000,54.50
1558000,53.80
1559000,52.90
1560000,54.40
1561000,51.30
1562000,51.90
1563000,48.20
1564000,50.60
1565000,49.40
1566000,43.50
1567000,46.10
1568000,50.60
1569000,48.40
1570000,49.90
1571000,53.60
1572000,39.00
1573000,47.70
1574000,47.10
1575000,45.40
1576000,45.90
1577000,46.50
1578000,43.80
1579000,37.10
1580000,41.70
1581000,43.60
1582000,39.30
1583000,36.70
1584000,46.60
1585000,52.50
1586000,42.40
1587000,43.90
1588000,44.60
1589000,44.70
1590000,42.50
1591000,47.80
1592000,47.60
1593000,54.50
1594000,52.40
1595000,52.90
1596000,46.40
1597000,46.40
1598000,39.80
1599000,53.70
1600000,50.40
1601000,47.50
1602000,53.30
1603000,54.10
1604000,53.00
1605000,50.40
1606000,48.60
1607000,51.30
1608000,48.30
1609000,50.00
1610000,48.90
1611000,49.80
1612000,52.80
1613000,52.10
1614000,51.70
1615000,48.00
1616000,40.80
1617000,50.90
1618000,50.40
1619000,46.30
1620000,49.90
1621000,46.90
1622000,46.20
1623000,43.90
1624000,40.20
1625000,52.40
1626000,49.40
1627000,49.00
1628000,50.10
1629000,48.90
1630000,48.30
1631000,47.50
1632000,39.40
1633000,37.80
1634000,46.20
1635000,53.40
1636000,47.10
1637000,32.80
1638000,36.70
1639000,47.50
1640000,41.80
1641000,38.40
1642000,43.50
1643000,50.90
1644000,49.90
1645000,48.70
1646000,42.40
1647000,45.40
1648000,45.60
1649000,45.90
1650000,48.60
1651000,48.00
1652000,41.30
1653000,46.50
1654000,51.00
1655000,46.40
1656000,45.70
1657000,46.70
1658000,51.10
1659000,48.40
1660000,51.40
1661000,51.70
1662000,50.10
1663000,52.80
1664000,53.60
1665000,52.60
1666000,53.60
1667000,49.70
1668000,50.60
1669000,49.80
1670000,53.20
1671000,44.80
1672000,52.70
1673000,43.40
1674000,51.30
1675000,53.40
1676000,51.10
1677000,52.20
1678000,45.00
1679000,51.80
1680000,53.00
1681000,49.60
1682000,47.40
1683000,49.70
1684000,51.40
1685000,53.60
1686000,50.40
1687000,52.10
1688000,48.90
1689000,50.20
1690000,48.60
1691000,47.90
1692000,44.00
1693000,52.10
1694000,54.70
1695000,52.00
1696000,46.70
1697000,46.60
1698000,51.40
1699000,50.60
1700000,52.20
1701000,51.00
1702000,52.40
1703000,53.60
1704000,42.50
1705000,47.60
1706000,53.80
1707000,54.70
1708000,57.10
1709000,52.20
1710000,53.90
1711000,51.70
1712000,40.10
1713000,52.30
1714000,50.90
1715000,51.60
1716000,50.80
1717000,52.00
1718000,51.50
1719000,47.30
1720000,47.40
1721000,48.60
1722000,54.50
1723000,50.90
1724000,52.60
1725000,50.90
1726000,52.50
1727000,52.20
1728000,52.90
1729000,57.70
1730000,56.40
1731000,56.70
1732000,56.50
1733000,55.50
1734000,44.10
1735000,48.70
1736000,52.40
1737000,47.70
1738000,54.60
1739000,51.60
1740000,54.00
1741000,46.40
1742000,47.30
1743000,49.60
1744000,52.40
1745000,51.50
1746000,45.50
1747000,45.30
1748000,50.10
1749000,51.00
1750000,50.50
1751000,51.20
1752000,47.70
1753000,47.40
1754000,42.20
1755000,42.40
1756000,50.60
1757000,44.80
1758000,51.70
1759000,51.80
1760000,55.30
1761000,52.70
1762000,49.90
1763000,52.60
1764000,46.00
1765000,51.10
1766000,53.90
1767000,54.00
1768000,50.80
1769000,54.90
1770000,44.50
1771000,43.50
1772000,44.70
1773000,44.40
1774000,49.80
1775000,47.20
1776000,48.00
1777000,50.50
1778000,43.90
1779000,48.10
1780000,52.40
1781000,54.50
1782000,53.10
1783000,52.50
1784000,48.80
1785000,54.50
1786000,55.10
1787000,44.80
1788000,51.60
1789000,50.50
1790000,52.40
1791000,45.60
1792000,45.90
1793000,53.20
1794000,54.50
1795000,50.40
1796000,53.90
1797000,55.00
1798000,54.40
1799000,46.80
1800000,47.80
1801000,49.90
1802000,45.60
1803000,39.30
1804000,38.30
1805000,47.70
1806000,48.50
1807000,48.30
1808000,50.50
1809000,47.90
1810000,47.70
1811000,51.30
1812000,42.40
1813000,42.70
1814000,50.80
1815000,52.90
1816000,51.80
1817000,47.20
1818000,43.30
1819000,46.70
1820000,51.60
1821000,41.90
1822000,49.70
1823000,48.90
1824000,51.90
1825000,44.10
1826000,54.00
1827000,55.10
1828000,58.30
1829000,58.80
1830000,54.60
1831000,55.00
1832000,46.50
1833000,48.30
1834000,49.80
1835000,54.20
1836000,55.80
1837000,57.20
1838000,54.10
1839000,52.40
1840000,53.00
1841000,52.80
1842000,48.90
1843000,52.10
1844000,40.20
1845000,54.70
1846000,55.80
1847000,54.80
1848000,51.20
1849000,51.70
1850000,52.20
1851000,51.40
1852000,48.80
1853000,45.00
1854000,41.00
1855000,47.50
1856000,45.00
1857000,44.80
1858000,47.30
1859000,49.10
1860000,51.00
1861000,46.70
1862000,45.50
1863000,49.80
1864000,49.90
1865000,51.50
1866000,45.90
1867000,51.40
1868000,50.10
1869000,50.60
1870000,35.30
1871000,42.90
1872000,47.10
1873000,47.30
1874000,49.10
1875000,49.30
1876000,52.80
1877000,48.40
1878000,46.30
1879000,46.90
1880000,44.10
1881000,51.30
1882000,53.80
1883000,47.60
1884000,51.70
1885000,52.20
1886000,50.90
1887000,54.40
1888000,50.70
1889000,48.90
1890000,54.20
1891000,55.60
1892000,53.80
1893000,47.10
1894000,45.00
1895000,52.00
1896000,49.80
1897000,53.30
1898000,52.80
1899000,50.80
1900000,54.90
1901000,47.80
1902000,50.20
1903000,49.50
1904000,53.20
1905000,42.40
1906000,52.50
1907000,41.50
1908000,41.10
1909000,47.20
1910000,49.10
1911000,51.30
1912000,50.50
1913000,50.60
1914000,51.20
1915000,51.30
1916000,48.20
1917000,50.10
1918000,54.00
1919000,53.40
1920000,53.20
1921000,51.00
1922000,47.40
1923000,46.00
1924000,51.10
1925000,48.60
1926000,52.00
1927000,48.70
1928000,49.80
1929000,50.90
1930000,47.80
1931000,53.60
1932000,55.10
1933000,53.80
1934000,50.70
1935000,50.50
1936000,46.30
1937000,48.60
1938000,54.60
1939000,50.60
1940000,52.10
1941000,50.80
1942000,48.50
1943000,49.60
1944000,54.90
1945000,52.10
1946000,42.80
1947000,52.80
1948000,53.00
1949000,52.10
1950000,53.20
1951000,52.90
1952000,49.60
1953000,50.90
1954000,51.50
1955000,51.20
1956000,51.80
1957000,47.30
1958000,43.80
1959000,51.10
1960000,52.20
1961000,51.10
1962000,44.80
1963000,55.70
1964000,54.00
1965000,54.60
1966000,54.30
1967000,52.70
1968000,54.00
1969000,54.70
1970000,52.20
1971000,57.00
1972000,47.70
1973000,53.90
1974000,52.90
1975000,52.00
1976000,51.80
1977000,49.70
1978000,47.70
1979000,40.80
1980000,47.70
1981000,49.80
1982000,50.60
1983000,52.70
1984000,51.60
1985000,51.80
1986000,38.00
1987000,47.00
1988000,43.20
1989000,47.90
1990000,50.00
1991000,51.90
1992000,49.70
1993000,53.90
1994000,48.60
1995000,44.90
1996000,43.60
1997000,54.00
1998000,53.60
1999000,51.30
2000000,46.40
2001000,52.40
2002000,46.80
2003000,45.80
2004000,54.10
2005000,49.50
2006000,48.00
2007000,54.70
2008000,52.00
2009000,51.80
2010000,48.90
2011000,37.00
2012000,42.00
2013000,51.90
2014000,55.50
2015000,55.80
2016000,58.20
2017000,58.10
2018000,52.60
2019000,55.30
2020000,54.30
2021000,55.00
2022000,51.40
2023000,43.50
2024000,43.70
2025000,47.80
2026000,53.60
2027000,50.70
2028000,51.00
2029000,50.90
2030000,55.10
2031000,53.00
2032000,52.50
2033000,39.80
2034000,45.10
2035000,42.90
2036000,48.80
2037000,37.90
2038000,43.30
2039000,47.20
2040000,50.30
2041000,39.20
2042000,41.70
2043000,43.80
2044000,43.10
2045000,51.90
2046000,51.20
2047000,48.20
2048000,51.50
2049000,50.50
2050000,50.30
2051000,47.20
2052000,41.30
2053000,43.40
2054000,48.60
2055000,49.40
2056000,42.10
2057000,38.20
2058000,48.00
2059000,47.00
2060000,48.10
2061000,48.00
2062000,47.10
2063000,49.40
2064000,53.50
2065000,48.40
2066000,52.00
2067000,44.30
2068000,40.30
2069000,55.10
2070000,49.80
2071000,53.70
2072000,58.10
2073000,57.80
2074000,57.20
2075000,49.50
2076000,53.80
2077000,53.30
2078000,46.10
2079000,47.10
2080000,50.10
2081000,48.20
2082000,48.00
2083000,49.60
2084000,51.80
2085000,46.70
2086000,53.20
2087000,48.00
2088000,51.60
2089000,44.00
2090000,53.10
2091000,57.60
2092000,57.50
2093000,52.30
2094000,56.40
2095000,55.90
2096000,53.50
2097000,48.80
2098000,44.30
2099000,40.00
2100000,50.70
2101000,42.40
2102000,53.80
2103000,33.20
2104000,36.60
2105000,36.40
2106000,32.20
2107000,35.80
2108000,34.80
2109000,36.90
2110000,42.00
2111000,45.80
2112000,43.60
2113000,47.20
2114000,43.80
2115000,50.50
2116000,56.50
2117000,52.50
2118000,54.70
2119000,53.90
2120000,55.40
2121000,56.00
2122000,53.30
2123000,53.70
2124000,55.90
2125000,55.00
2126000,56.40
2127000,56.60
2128000,47.20
2129000,43.40
2130000,45.30
2131000,53.70
2132000,52.70
2133000,52.10
2134000,52.80
2135000,54.90
2136000,54.50
2137000,39.40
2138000,53.80
2139000,52.20
2140000,51.60
2141000,58.00
2142000,50.10
2143000,50.10
2144000,51.20
2145000,53.20
2146000,53.60
2147000,53.20
2148000,58.20
2149000,52.20
2150000,49.20
2151000,40.90
2152000,52.90
2153000,47.80
2154000,55.00
2155000,59.50
2156000,53.50
2157000,56.50
2158000,58.20
2159000,55.70
2160000,54.90
2161000,57.20
2162000,53.70
2163000,54.40
2164000,53.90
2165000,50.30
2166000,54.80
2167000,45.30
2168000,41.60
2169000,45.80
2170000,53.40
2171000,52.40
2172000,46.50
2173000,52.40
2174000,44.00
2175000,48.50
2176000,51.50
2177000,49.00
2178000,48.60
2179000,51.20
2180000,54.80
2181000,56.60
2182000,51.50
2183000,50.20
2184000,54.10
2185000,49.60
2186000,48.60
2187000,42.60
2188000,42.60
2189000,46.80
2190000,43.50
2191000,40.10
2192000,36.20
2193000,53.10
2194000,51.00
2195000,53.10
2196000,48.50
2197000,46.30
2198000,50.10
2199000,55.80
2200000,50.20
2201000,50.60
2202000,51.70
2203000,50.80
2204000,44.00
2205000,55.40
2206000,55.80
2207000,55.80
2208000,53.90
2209000,54.70
2210000,55.80
2211000,44.50
2212000,49.20
2213000,50.10
2214000,49.90
2215000,53.30
2216000,57.10
2217000,56.10
2218000,56.20
2219000,51.40
2220000,54.00
2221000,54.80
2222000,51.60
2223000,50.30
2224000,50.80
2225000,52.10
2226000,54.10
2227000,54.40
2228000,50.90
2229000,52.60
2230000,51.30
2231000,51.60
2232000,54.80
2233000,44.10
2234000,51.20
2235000,51.20
2236000,51.60
2237000,48.40
2238000,46.50
2239000,48.50
2240000,48.40
2241000,51.30
2242000,54.80
2243000,49.70
2244000,55.10
2245000,53.50
2246000,48.70
2247000,53.70
2248000,50.90
2249000,51.30
2250000,53.80
2251000,51.80
2252000,52.20
2253000,50.00
2254000,53.70
2255000,42.40
2256000,51.00
2257000,51.20
2258000,48.10
2259000,44.30
2260000,55.10
2261000,55.40
2262000,54.10
2263000,50.50
2264000,54.00
2265000,50.60
2266000,50.00
2267000,50.60
2268000,52.00
2269000,42.60
2270000,46.50
2271000,50.20
2272000,52.00
2273000,49.70
2274000,52.60
2275000,52.10
2276000,52.10
2277000,49.80
2278000,47.40
2279000,53.50
2280000,51.90
2281000,52.10
2282000,51.30
2283000,51.90
2284000,50.10
2285000,53.20
2286000,48.80
2287000,49.60
2288000,44.00
2289000,54.70
2290000,46.50
2291000,52.20
2292000,54.50
2293000,56.60
2294000,57.00
2295000,55.80
2296000,55.00
2297000,53.40
2298000,55.30
2299000,56.60
2300000,58.80
2301000,55.40
2302000,55.90
2303000,47.20
2304000,57.30
2305000,54.20
2306000,50.40
2307000,53.40
2308000,51.20
2309000,57.00
2310000,53.70
2311000,51.10
2312000,46.80
2313000,42.60
2314000,51.70
2315000,47.70
2316000,47.40
2317000,53.10
2318000,50.00
2319000,49.80
2320000,47.70
2321000,48.80
2322000,50.10
2323000,49.40
2324000,53.00
2325000,53.70
2326000,52.80
2327000,51.70
2328000,53.60
2329000,54.90
2330000,54.90
2331000,54.80
2332000,52.90
2333000,53.00
2334000,53.40
2335000,52.20
2336000,49.40
2337000,54.30
2338000,54.10
2339000,53.30
2340000,53.10
2341000,53.90
2342000,54.60
2343000,45.10
2344000,38.90
2345000,53.80
2346000,53.60
2347000,51.90
2348000,52.10
2349000,45.80
2350000,46.40
2351000,53.40
2352000,49.70
2353000,56.60
2354000,55.80
2355000,56.70
2356000,51.00
2357000,49.00
2358000,53.30
2359000,53.40
2360000,52.60
2361000,50.80
2362000,52.20
2363000,52.60
2364000,45.20
2365000,40.40
2366000,51.20
2367000,50.70
2368000,53.90
2369000,48.30
2370000,52.50
2371000,51.60
2372000,51.40
2373000,47.90
2374000,57.50
2375000,58.60
2376000,55.60
2377000,56.50
2378000,58.60
2379000,52.60
2380000,53.70
2381000,46.90
2382000,44.70
2383000,36.10
2384000,47.20
2385000,42.70
2386000,45.20
2387000,41.90
2388000,37.60
2389000,42.80
2390000,58.00
2391000,53.80
2392000,56.40
2393000,54.70
2394000,58.60
2395000,53.80
2396000,54.40
2397000,57.20
2398000,56.60
2399000,55.20
2400000,55.30
2401000,55.80
2402000,56.50
2403000,53.70
2404000,53.30
2405000,43.50
2406000,46.10
2407000,42.20
2408000,50.70
2409000,50.40
2410000,53.60
2411000,52.90
2412000,49.80
2413000,44.90
2414000,55.20
2415000,54.90
2416000,54.20
2417000,50.30
2418000,53.60
2419000,50.70
2420000,50.30
2421000,49.60
2422000,52.30
2423000,46.60
2424000,51.80
2425000,51.80
2426000,46.90
2427000,47.80
2428000,52.40
2429000,53.80
2430000,50.50
2431000,56.50
2432000,56.40
2433000,54.60
2434000,49.60
2435000,54.00
2436000,54.40
2437000,52.60
2438000,51.90
2439000,57.60
2440000,55.30
2441000,52.90
2442000,54.10
2443000,53.50
2444000,51.30
2445000,53.80
2446000,56.20
2447000,54.10
2448000,51.20
2449000,48.40
2450000,47.60
2451000,50.60
2452000,50.80
2453000,53.30
2454000,49.80
2455000,39.60
2456000,45.50
2457000,49.60
2458000,55.50
2459000,55.00
2460000,51.30
2461000,47.90
2462000,45.90
2463000,35.50
2464000,47.10
2465000,48.40
2466000,46.60
2467000,46.30
2468000,42.10
2469000,29.10
2470000,35.50
2471000,46.80
2472000,55.00
2473000,49.80
2474000,44.80
2475000,46.50
2476000,44.00
2477000,46.30
2478000,48.90
2479000,48.90
2480000,48.50
2481000,41.40
2482000,44.60
2483000,36.60
2484000,40.10
2485000,39.40
2486000,40.80
2487000,42.70
2488000,45.60
2489000,44.90
2490000,42.70
2491000,48.30
2492000,47.60
2493000,40.40
2494000,41.00
2495000,46.60
2496000,46.90
2497000,54.20
2498000,48.70
2499000,49.40
2500000,50.30
2501000,52.30
2502000,53.60
2503000,56.60
2504000,57.50
2505000,57.50
2506000,56.40
2507000,51.90
2508000,50.40
2509000,51.20
2510000,52.10
2511000,54.20
2512000,47.70
2513000,49.10
2514000,52.90
2515000,48.10
2516000,50.60
2517000,47.40
2518000,48.60
2519000,50.40
2520000,50.50
2521000,50.90
2522000,46.00
2523000,48.60
2524000,50.10
2525000,44.80
2526000,51.30
2527000,52.70
2528000,54.10
2529000,54.90
2530000,55.20
2531000,46.90
2532000,50.40
2533000,46.40
2534000,49.70
2535000,48.40
2536000,50.70
2537000,44.20
2538000,48.30
2539000,55.70
2540000,57.30
2541000,57.20
2542000,54.90
2543000,51.60
2544000,52.20
2545000,50.80
2546000,53.50
2547000,57.50
2548000,52.00
2549000,52.80
2550000,52.40
2551000,52.70
2552000,47.30
2553000,54.40
2554000,54.30
2555000,56.00
2556000,55.80
2557000,57.50
2558000,52.90
2559000,54.10
2560000,42.40
2561000,48.00
2562000,48.90
2563000,45.70
2564000,48.40
2565000,55.90
2566000,58.80
2567000,56.00
2568000,57.20
2569000,57.90
2570000,58.20
2571000,56.80
2572000,57.90
2573000,58.00
2574000,56.60
2575000,47.70
2576000,51.70
2577000,55.50
2578000,47.20
2579000,52.40
2580000,54.30
2581000,56.00
2582000,51.70
2583000,53.20
2584000,55.50
2585000,50.40
2586000,50.10
2587000,51.80
2588000,54.00
2589000,53.00
2590000,53.20
2591000,45.50
2592000,51.10
2593000,52.90
2594000,54.80
2595000,55.50
2596000,53.50
2597000,50.30
2598000,55.80
2599000,49.30
2600000,50.10
2601000,51.10
2602000,55.40
2603000,55.20
2604000,53.70
2605000,55.40
2606000,53.60
2607000,53.20
2608000,55.80
2609000,53.90
2610000,53.90
2611000,54.90
2612000,51.60
2613000,53.20
2614000,51.90
2615000,53.00
2616000,53.90
2617000,52.50
2618000,52.20
2619000,52.90
2620000,48.10
2621000,51.80
2622000,52.50
2623000,47.30
2624000,50.50
2625000,50.00
2626000,50.80
2627000,49.70
2628000,43.80
2629000,36.20
2630000,48.90
2631000,54.50
2632000,53.20
2633000,55.10
2634000,52.60
2635000,49.10
2636000,52.20
2637000,52.40
2638000,53.00
2639000,53.20
2640000,53.90
2641000,52.30
2642000,53.90
2643000,53.00
2644000,49.00
2645000,57.50
2646000,56.00
2647000,55.30
2648000,54.30
2649000,53.30
2650000,53.60
2651000,49.00
2652000,50.90
2653000,47.20
2654000,47.20
2655000,56.20
2656000,53.80
2657000,56.10
2658000,57.20
2659000,52.30
2660000,52.90
2661000,52.30
2662000,52.90
2663000,53.00
2664000,52.80
2665000,48.50
2666000,52.80
2667000,55.10
2668000,48.60
2669000,52.10
2670000,53.00
2671000,55.80
2672000,55.70
2673000,48.80
2674000,56.40
2675000,54.40
2676000,55.80
2677000,56.10
2678000,50.50
2679000,49.00
2680000,55.60
2681000,54.20
2682000,53.10
2683000,51.20
2684000,52.30
2685000,46.60
2686000,53.80
2687000,52.60
2688000,55.40
2689000,51.90
2690000,53.90
2691000,50.10
2692000,56.90
2693000,58.80
2694000,56.00
2695000,51.50
2696000,51.90
2697000,51.20
2698000,50.40
2699000,47.30
2700000,44.00
2701000,54.40
2702000,54.40
2703000,52.10
2704000,50.50
2705000,51.40
2706000,55.80
2707000,51.20
2708000,50.40
2709000,50.30
2710000,48.10
2711000,53.80
2712000,52.00
2713000,56.00
2714000,49.40
2715000,49.00
2716000,45.60
2717000,54.30
2718000,53.30
2719000,51.50
2720000,57.20
2721000,54.60
2722000,49.00
2723000,48.40
2724000,50.50
2725000,47.10
2726000,54.30
2727000,53.10
2728000,53.40
2729000,49.00
2730000,55.30
2731000,47.80
2732000,51.90
2733000,52.30
2734000,51.40
2735000,53.10
2736000,49.00
2737000,44.90
2738000,48.80
2739000,53.40
2740000,51.60
2741000,42.40
2742000,47.20
2743000,48.80
2744000,50.10
2745000,51.20
2746000,53.10
2747000,53.90
2748000,51.10
2749000,52.30
2750000,48.90
2751000,49.80
2752000,50.80
2753000,49.20
2754000,48.50
2755000,50.70
2756000,48.60
2757000,40.90
2758000,40.20
2759000,39.50
2760000,35.80
2761000,44.80
2762000,50.60
2763000,49.30
2764000,48.00
2765000,44.80
2766000,45.40
2767000,45.90
2768000,54.40
2769000,55.30
2770000,54.30
2771000,47.20
2772000,52.30
2773000,36.80
2774000,31.50
2775000,46.50
2776000,53.90
2777000,49.10
2778000,50.40
2779000,53.40
2780000,49.80
2781000,46.30
2782000,44.20
2783000,39.90
2784000,33.30
2785000,39.10
2786000,32.00
2787000,37.60
2788000,38.00
2789000,53.80
2790000,58.00
2791000,59.50
2792000,56.90
2793000,59.70
2794000,54.50
2795000,50.30
2796000,51.50
2797000,45.40
2798000,41.70
2799000,46.10
2800000,49.30
2801000,54.20
2802000,50.60
2803000,50.20
2804000,42.80
2805000,51.40
2806000,57.80
2807000,52.80
2808000,52.20
2809000,51.60
2810000,50.10
2811000,51.60
2812000,55.20
2813000,56.40
2814000,50.10
2815000,50.90
2816000,50.20
2817000,50.10
2818000,48.70
2819000,49.20
2820000,54.30
2821000,54.10
2822000,49.50
2823000,54.60
2824000,55.20
2825000,48.40
2826000,52.40
2827000,55.90
2828000,52.50
2829000,49.20
2830000,58.30
2831000,56.80
2832000,48.50
2833000,55.30
2834000,54.90
2835000,58.80
2836000,57.30
2837000,53.60
2838000,49.60
2839000,51.40
2840000,55.80
2841000,52.30
2842000,52.40
2843000,55.50
2844000,55.70
2845000,57.90
2846000,55.60
2847000,59.50
2848000,58.10
2849000,56.10
2850000,48.80
2851000,56.00
2852000,54.40
2853000,58.00
2854000,51.10
2855000,52.30
2856000,51.40
2857000,54.80
2858000,57.10
2859000,49.80
2860000,47.30
2861000,49.50
2862000,54.00
2863000,55.20
2864000,51.10
2865000,51.30
2866000,52.30
2867000,51.30
2868000,51.60
2869000,54.60
2870000,53.40
2871000,52.50
2872000,53.50
2873000,50.50
2874000,55.20
2875000,53.40
2876000,49.10
2877000,52.90
2878000,52.60
2879000,50.30
2880000,46.40
2881000,44.10
2882000,43.60
2883000,44.40
2884000,39.70
2885000,45.30
2886000,44.70
2887000,45.10
2888000,55.20
2889000,55.90
2890000,55.90
2891000,55.30
2892000,47.90
2893000,56.20
2894000,48.50
2895000,55.80
2896000,55.90
2897000,52.20
2898000,52.90
2899000,44.60
2900000,42.20
2901000,51.20
2902000,50.20
2903000,38.30
2904000,47.10
2905000,41.20
2906000,44.80
2907000,50.60
2908000,50.50
2909000,51.00
2910000,49.00
2911000,52.20
2912000,53.60
2913000,50.80
2914000,52.70
2915000,48.80
2916000,49.80
2917000,49.00
2918000,54.60
2919000,53.50
2920000,51.50
2921000,53.30
2922000,49.00
2923000,53.70
2924000,46.60
2925000,47.40
2926000,50.60
2927000,46.10
2928000,50.40
2929000,51.00
2930000,56.80
2931000,53.10
2932000,53.70
2933000,43.90
2934000,43.10
2935000,52.20
2936000,54.40
2937000,52.00
2938000,50.90
2939000,49.40
2940000,53.80
2941000,51.00
2942000,45.60
2943000,51.60
2944000,55.70
2945000,53.40
2946000,52.30
2947000,50.20
2948000,54.80
2949000,49.00
2950000,54.40
2951000,55.90
2952000,51.90
2953000,54.50
2954000,55.00
2955000,55.50
2956000,51.60
2957000,49.10
2958000,51.40
2959000,52.20
2960000,55.20
2961000,54.30
2962000,52.50
2963000,53.60
2964000,52.00
2965000,52.20
2966000,53.00
2967000,54.10
2968000,50.70
2969000,43.60
2970000,52.00
2971000,48.50
2972000,53.40
2973000,55.70
2974000,53.90
2975000,51.50
2976000,49.00
2977000,53.10
2978000,50.40
2979000,53.70
2980000,50.60
2981000,51.90
2982000,45.10
2983000,49.90
2984000,48.80
2985000,48.00
2986000,43.40
2987000,35.20
2988000,37.00
2989000,33.30
2990000,32.50
2991000,30.10
2992000,34.00
2993000,32.80
2994000,35.60
2995000,29.70
2996000,47.80
2997000,47.70
2998000,41.60
2999000,49.50
3000000,49.20
3001000,54.10
3002000,51.90
3003000,53.10
3004000,48.50
3005000,40.60
3006000,47.10
3007000,50.60
3008000,53.30
3009000,52.40
3010000,52.20
3011000,50.80
3012000,50.50
3013000,53.00
3014000,50.80
3015000,41.00
3016000,49.60
3017000,52.60
3018000,54.20
3019000,52.90
3020000,52.80
3021000,51.20
3022000,54.30
3023000,53.80
3024000,48.30
3025000,48.70
3026000,49.20
3027000,52.50
3028000,53.10
3029000,53.60
3030000,50.60
3031000,45.90
3032000,46.90
3033000,49.60
3034000,53.00
3035000,53.80
3036000,53.70
3037000,57.20
3038000,49.70
3039000,51.30
3040000,52.50
3041000,50.50
3042000,53.20
3043000,45.60
3044000,51.90
3045000,52.20
3046000,56.60
3047000,56.20
3048000,55.20
3049000,52.60
3050000,48.00
3051000,52.60
3052000,57.10
3053000,56.90
3054000,53.00
3055000,49.60
3056000,51.70
3057000,51.80
3058000,49.50
3059000,51.70
3060000,51.00
3061000,54.10
3062000,56.00
3063000,53.70
3064000,50.60
3065000,53.60
3066000,47.40
3067000,49.30
3068000,48.40
3069000,48.90
3070000,51.60
3071000,50.70
3072000,50.20
3073000,49.90
3074000,49.40
3075000,55.20
3076000,54.00
3077000,48.00
3078000,48.20
3079000,43.20
3080000,56.50
3081000,54.00
3082000,53.20
3083000,52.20
3084000,54.60
3085000,53.50
3086000,46.50
3087000,53.40
3088000,47.00
3089000,53.30
3090000,54.30
3091000,52.40
3092000,53.40
3093000,52.30
3094000,55.60
3095000,50.50
3096000,51.90
3097000,54.80
3098000,47.90
3099000,50.00
3100000,47.80
3101000,52.50
3102000,51.40
3103000,54.70
3104000,50.00
3105000,50.00
3106000,49.40
3107000,53.20
3108000,51.10
3109000,49.30
3110000,51.40
3111000,56.60
3112000,50.30
3113000,46.50
3114000,53.70
3115000,53.60
3116000,50.80
3117000,51.40
3118000,52.30
3119000,43.10
3120000,54.10
3121000,46.10
3122000,53.30
3123000,54.60
3124000,54.20
3125000,57.00
3126000,56.60
3127000,57.90
3128000,51.60
3129000,52.10
3130000,53.70
3131000,52.00
3132000,51.60
3133000,50.50
3134000,45.20
3135000,53.90
3136000,42.30
3137000,54.10
3138000,51.70
3139000,52.70
3140000,56.90
3141000,52.00
3142000,53.30
3143000,54.30
3144000,54.00
3145000,55.40
3146000,44.70
3147000,52.20
3148000,52.30
3149000,48.40
3150000,51.90
3151000,52.50
3152000,49.40
3153000,50.40
3154000,51.50
3155000,50.70
3156000,53.00
3157000,49.50
3158000,47.10
3159000,53.30
3160000,55.80
3161000,54.50
3162000,53.90
3163000,50.90
3164000,54.20
3165000,54.60
3166000,51.40
3167000,51.00
3168000,44.20
3169000,49.10
3170000,52.20
3171000,51.70
3172000,42.80
3173000,50.50
3174000,54.30
3175000,53.40
3176000,54.00
3177000,50.20
3178000,50.90
3179000,51.50
3180000,54.90
3181000,50.20
3182000,52.30
3183000,45.20
3184000,50.80
3185000,39.20
3186000,50.00
3187000,45.90
3188000,41.00
3189000,44.70
3190000,37.50
3191000,41.90
3192000,39.70
3193000,50.10
3194000,50.60
3195000,55.30
3196000,54.10
3197000,55.50
3198000,55.90
3199000,55.50
3200000,55.80
3201000,50.80
3202000,56.20
3203000,53.60
3204000,50.80
3205000,48.90
3206000,48.70
3207000,56.70
3208000,55.60
3209000,57.00
3210000,52.70
3211000,52.80
3212000,51.60
3213000,52.30
3214000,54.50
3215000,50.60
3216000,52.30
3217000,56.10
3218000,54.00
3219000,47.50
3220000,56.20
3221000,48.60
3222000,51.20
3223000,52.20
3224000,55.30
3225000,55.30
3226000,48.30
3227000,46.80
3228000,52.00
3229000,54.80
3230000,56.20
3231000,55.30
3232000,57.40
3233000,54.00
3234000,46.70
3235000,53.30
3236000,50.80
3237000,51.50
3238000,52.40
3239000,50.80
3240000,55.40
3241000,49.00
3242000,55.60
3243000,53.80
3244000,50.30
3245000,52.70
3246000,52.10
3247000,47.70
3248000,50.80
3249000,51.50
3250000,51.40
3251000,50.90
3252000,41.60
3253000,51.60
3254000,53.00
3255000,54.90
3256000,53.90
3257000,50.80
3258000,51.30
3259000,51.40
3260000,55.20
3261000,54.10
3262000,46.10
3263000,49.10
3264000,50.20
3265000,46.00
3266000,41.10
3267000,35.60
3268000,33.30
3269000,36.00
3270000,55.20
3271000,55.00
3272000,53.00
3273000,51.90
3274000,49.50
3275000,46.70
3276000,52.20
3277000,46.20
3278000,48.80
3279000,56.20
3280000,53.50
3281000,52.30
3282000,56.80
3283000,52.80
3284000,42.20
3285000,51.00
3286000,50.80
3287000,37.50
3288000,44.60
3289000,46.30
3290000,48.00
3291000,48.30
3292000,51.90
3293000,50.70
3294000,55.60
3295000,53.20
3296000,52.70
3297000,58.00
3298000,52.00
3299000,52.10
3300000,55.40
3301000,50.10
3302000,55.70
3303000,55.40
3304000,54.30
3305000,50.90
3306000,56.50
3307000,52.70
3308000,48.60
3309000,54.10
3310000,55.20
3311000,49.30
3312000,52.70
3313000,50.70
3314000,56.30
3315000,52.30
3316000,54.30
3317000,49.00
3318000,47.40
3319000,51.50
3320000,45.40
3321000,38.20
3322000,50.10
3323000,54.50
3324000,51.40
3325000,54.10
3326000,52.10
3327000,48.70
3328000,47.50
3329000,54.80
3330000,49.10
3331000,54.40
3332000,51.80
3333000,47.70
3334000,51.20
3335000,54.50
3336000,49.40
3337000,52.80
3338000,53.70
3339000,54.40
3340000,50.70
3341000,51.30
3342000,51.00
3343000,48.40
3344000,54.60
3345000,52.30
3346000,50.20
3347000,51.00
3348000,47.80
3349000,52.90
3350000,49.80
3351000,51.30
3352000,49.70
3353000,55.40
3354000,46.40
3355000,57.20
3356000,55.60
3357000,58.80
3358000,57.30
3359000,55.30
3360000,48.40
3361000,41.30
3362000,40.30
3363000,46.30
3364000,46.50
3365000,47.50
3366000,52.00
3367000,44.60
3368000,48.40
3369000,53.80
3370000,58.40
3371000,54.10
3372000,54.80
3373000,50.30
3374000,44.00
3375000,51.70
3376000,54.00
3377000,48.90
3378000,48.80
3379000,51.90
3380000,50.50
3381000,52.30
3382000,52.30
3383000,51.50
3384000,44.30
3385000,44.50
3386000,51.10
3387000,52.00
3388000,54.40
3389000,48.60
3390000,51.80
3391000,56.10
3392000,53.70
3393000,51.80
3394000,50.30
3395000,57.50
3396000,51.50
3397000,52.40
3398000,55.20
3399000,54.40
3400000,55.90
3401000,48.10
3402000,52.70
3403000,51.20
3404000,48.00
3405000,49.40
3406000,55.30
3407000,52.20
3408000,54.90
3409000,54.40
3410000,46.80
3411000,47.90
3412000,43.70
3413000,41.00
3414000,52.90
3415000,52.40
3416000,50.20
3417000,51.40
3418000,44.40
3419000,49.50
3420000,49.90
3421000,52.80
3422000,49.00
3423000,52.00
3424000,54.10
3425000,53.80
3426000,49.70
3427000,52.90
3428000,51.50
3429000,46.40
3430000,50.00
3431000,49.30
3432000,49.40
3433000,48.30
3434000,51.00
3435000,50.40
3436000,50.90
3437000,47.30
3438000,46.10
3439000,49.50
3440000,52.20
3441000,50.80
3442000,47.80
3443000,50.40
3444000,51.70
3445000,52.70
3446000,50.20
3447000,48.10
3448000,49.60
3449000,52.70
3450000,50.40
3451000,50.60
3452000,52.20
3453000,48.40
3454000,49.20
3455000,40.10
3456000,47.70
3457000,50.80
3458000,49.80
3459000,54.50
3460000,51.80
3461000,51.90
3462000,50.50
3463000,49.80
3464000,48.90
3465000,48.10
3466000,47.10
3467000,48.00
3468000,51.80
3469000,45.40
3470000,50.00
3471000,50.50
3472000,50.90
3473000,50.90
3474000,48.60
3475000,51.90
3476000,48.10
3477000,48.80
3478000,52.60
3479000,53.60
3480000,57.20
3481000,53.30
3482000,55.10
3483000,56.30
3484000,52.70
3485000,49.90
3486000,50.20
3487000,54.10
3488000,52.60
3489000,54.80
3490000,50.80
3491000,53.80
3492000,46.30
3493000,49.30
3494000,52.90
3495000,55.70
3496000,52.10
3497000,53.80
3498000,55.90
3499000,42.20
3500000,54.10
3501000,54.80
3502000,54.50
3503000,57.30
3504000,51.30
3505000,57.60
3506000,52.50
3507000,50.60
3508000,55.10
3509000,53.80
3510000,54.30
3511000,51.50
3512000,48.60
3513000,51.80
3514000,52.80
3515000,49.90
3516000,55.80
3517000,51.80
3518000,51.40
3519000,50.20
3520000,54.50
3521000,55.90
3522000,54.40
3523000,56.00
3524000,56.20
3525000,51.80
3526000,49.40
3527000,51.00
3528000,53.90
3529000,52.40
3530000,51.00
3531000,51.60
3532000,45.40
3533000,52.60
3534000,56.90
3535000,56.10
3536000,49.80
3537000,52.90
3538000,57.90
3539000,52.00
3540000,48.60
3541000,56.70
3542000,54.60
3543000,48.00
3544000,54.60
3545000,54.00
3546000,50.00
3547000,54.30
3548000,55.10
3549000,55.30
3550000,52.10
3551000,53.20
3552000,44.90
3553000,52.40
3554000,56.00
3555000,52.80
3556000,58.60
3557000,51.10
3558000,49.30
3559000,57.40
3560000,53.50
3561000,51.00
3562000,54.40
3563000,50.60
3564000,48.80
3565000,51.90
3566000,52.30
3567000,56.00
3568000,52.50
3569000,51.40
3570000,55.00
3571000,55.20
3572000,52.80
3573000,53.10
3574000,50.80
3575000,50.70
3576000,56.40
3577000,49.20
3578000,52.60
3579000,51.30
3580000,49.90
3581000,43.60
3582000,32.90
3583000,43.60
3584000,37.70
3585000,53.90
3586000,54.20
3587000,54.60
3588000,58.00
3589000,54.70
3590000,55.80
3591000,54.80
3592000,49.70
3593000,56.50
3594000,56.60
3595000,56.40
3596000,55.20
3597000,44.10
3598000,54.10
3599000,49.90
3600000,52.00
3601000,52.70
3602000,55.50
3603000,54.70
3604000,50.70
3605000,50.60
3606000,55.30
3607000,59.90
3608000,57.20
3609000,48.00
3610000,54.30
3611000,54.80
3612000,50.40
3613000,54.80
3614000,53.30
3615000,57.30
3616000,60.10
3617000,58.80
3618000,56.20
3619000,59.60
3620000,59.60
3621000,62.30
3622000,59.60
3623000,34.60
3624000,38.10
3625000,47.30
3626000,53.80
3627000,57.50
3628000,55.30
3629000,58.90
3630000,53.20
3631000,38.70
3632000,34.70
3633000,35.50
3634000,34.10
3635000,46.50
3636000,52.00
3637000,49.20
3638000,54.50
3639000,49.70
3640000,47.40
3641000,51.50
3642000,56.50
3643000,55.20
3644000,54.10
3645000,53.00
3646000,54.70
3647000,50.90
3648000,45.50
3649000,55.70
3650000,47.20
3651000,33.70
3652000,53.00
3653000,35.70
3654000,42.10
3655000,44.50
3656000,39.10
3657000,42.90
3658000,34.70
3659000,52.80
3660000,52.00
3661000,52.90
3662000,54.80
3663000,48.90
3664000,39.40
3665000,39.60
3666000,51.80
3667000,46.80
3668000,47.90
3669000,45.00
3670000,56.50
3671000,47.50
3672000,46.60
3673000,53.10
3674000,48.10
3675000,56.20
3676000,52.70
3677000,52.10
3678000,53.10
3679000,52.60
3680000,53.60
3681000,54.10
3682000,51.40
3683000,49.80
3684000,53.20
3685000,53.10
3686000,56.70
3687000,59.50
3688000,56.20
3689000,54.60
3690000,56.00
3691000,53.60
3692000,55.10
3693000,56.30
3694000,53.50
3695000,55.30
3696000,41.30
3697000,52.50
3698000,52.60
3699000,52.90
3700000,47.60
3701000,48.50
3702000,56.20
3703000,57.00
3704000,58.60
3705000,55.50
3706000,51.20
3707000,48.50
3708000,50.30
3709000,51.50
3710000,47.20
3711000,51.80
3712000,47.20
3713000,50.10
3714000,53.60
3715000,55.20
3716000,52.80
3717000,52.90
3718000,51.00
3719000,43.20
3720000,43.40
3721000,43.30
3722000,47.70
3723000,55.90
3724000,57.20
3725000,47.90
3726000,46.70
3727000,40.90
3728000,54.60
3729000,52.10
3730000,48.50
3731000,42.80
3732000,47.00
3733000,49.20
3734000,52.90
3735000,49.90
3736000,49.20
3737000,48.80
3738000,50.70
3739000,54.10
3740000,51.30
3741000,52.00
3742000,48.20
3743000,52.80
3744000,44.60
3745000,51.80
3746000,49.20
3747000,57.00
3748000,58.20
3749000,57.10
3750000,56.10
3751000,46.60
3752000,47.90
3753000,52.10
3754000,43.10
3755000,55.00
3756000,52.90
3757000,45.30
3758000,55.20
3759000,56.30
3760000,56.90
3761000,53.20
3762000,59.70
3763000,59.60
3764000,62.20
3765000,58.80
3766000,35.80
3767000,47.30
3768000,36.30
3769000,32.70
3770000,50.40
3771000,48.20
3772000,50.60
3773000,54.40
3774000,52.70
3775000,52.90
3776000,46.90
3777000,50.40
3778000,56.20
3779000,53.60
3780000,56.30
3781000,56.10
3782000,54.50
3783000,56.20
3784000,48.60
3785000,51.60
3786000,54.00
3787000,56.70
3788000,53.20
3789000,47.40
3790000,46.90
3791000,54.80
3792000,46.40
3793000,35.00
3794000,51.30
3795000,53.60
3796000,50.20
3797000,31.50
3798000,33.00
3799000,30.70
3800000,33.60
3801000,34.10
3802000,36.10
3803000,39.50
3804000,29.20
3805000,39.90
3806000,45.50
3807000,44.80
3808000,44.80
3809000,53.80
3810000,53.60
3811000,48.90
3812000,50.70
3813000,52.90
3814000,53.40
3815000,53.00
3816000,54.10
3817000,48.20
3818000,46.50
3819000,52.70
3820000,53.40
3821000,48.70
3822000,52.10
3823000,55.10
3824000,53.50
3825000,56.80
3826000,58.80
3827000,52.50
3828000,49.40
3829000,54.60
3830000,54.70
3831000,54.20
3832000,54.70
3833000,51.60
3834000,49.60
3835000,48.70
3836000,40.90
3837000,46.10
3838000,47.90
3839000,47.70
3840000,45.90
3841000,52.80
3842000,50.80
3843000,42.60
3844000,54.80
3845000,55.20
3846000,53.30
3847000,52.80
3848000,55.40
3849000,58.50
3850000,54.40
3851000,55.30
3852000,57.40
3853000,45.70
3854000,58.00
3855000,53.50
3856000,49.60
3857000,51.60
3858000,53.60
3859000,54.00
3860000,43.30
3861000,52.50
3862000,52.10
3863000,49.70
3864000,53.60
3865000,53.20
3866000,47.90
3867000,48.20
3868000,55.30
3869000,51.90
3870000,53.10
3871000,51.00
3872000,53.20
3873000,58.40
3874000,54.50
3875000,44.20
3876000,50.90
3877000,51.90
3878000,55.50
3879000,53.80
3880000,54.40
3881000,54.50
3882000,54.20
3883000,53.20
3884000,50.40
3885000,54.50
3886000,53.60
3887000,56.20
3888000,42.90
3889000,53.10
3890000,42.60
3891000,51.50
3892000,53.50
3893000,49.00
3894000,52.80
3895000,53.10
3896000,48.90
3897000,46.90
3898000,46.70
3899000,48.00
3900000,47.50
3901000,47.00
3902000,43.40
3903000,50.90
3904000,53.70
3905000,44.60
3906000,41.90
3907000,53.70
3908000,54.10
3909000,55.40
3910000,51.20
3911000,48.00
3912000,52.30
3913000,54.00
3914000,52.30
3915000,49.90
3916000,54.80
3917000,53.70
3918000,53.80
3919000,53.20
3920000,52.20
3921000,50.50
3922000,43.00
3923000,48.50
3924000,53.60
3925000,51.80
3926000,49.20
3927000,52.20
3928000,54.20
3929000,50.80
3930000,49.90
3931000,48.10
3932000,52.80
3933000,49.30
3934000,50.90
3935000,52.80
3936000,52.80
3937000,50.10
3938000,51.60
3939000,47.40
3940000,51.30
3941000,46.50
3942000,55.50
3943000,50.00
3944000,53.20
3945000,53.00
3946000,54.80
3947000,47.70
3948000,48.70
3949000,50.90
3950000,47.40
3951000,54.10
3952000,53.00
3953000,55.00
3954000,55.20
3955000,60.40
3956000,56.30
3957000,55.30
3958000,55.70
3959000,51.80
3960000,47.10
3961000,51.30
3962000,54.90
3963000,53.90
3964000,49.30
3965000,51.60
3966000,48.20
3967000,46.90
3968000,50.80
3969000,51.90
3970000,53.00
3971000,53.00
3972000,53.80
3973000,55.00
3974000,55.50
3975000,54.80
3976000,54.40
3977000,52.30
3978000,52.60
3979000,52.20
3980000,51.60
3981000,54.40
3982000,51.10
3983000,52.20
3984000,53.60
3985000,53.80
3986000,44.50
3987000,55.20
3988000,52.30
3989000,54.50
3990000,52.80
3991000,50.70
3992000,53.40
3993000,51.80
3994000,49.40
3995000,56.30
3996000,54.10
3997000,55.20
3998000,56.70
3999000,59.00
4000000,49.60
4001000,50.20
4002000,41.80
4003000,46.10
4004000,48.90
4005000,50.70
4006000,56.20
4007000,53.10
4008000,52.30
4009000,52.90
4010000,51.40
4011000,54.30
4012000,53.80
4013000,53.70
4014000,57.00
4015000,54.90
4016000,50.50
4017000,52.70
4018000,51.20
4019000,54.60
4020000,52.60
4021000,48.00
4022000,52.40
4023000,53.10
4024000,50.10
4025000,55.40
4026000,51.10
4027000,54.90
4028000,59.20
4029000,55.60
4030000,53.80
4031000,51.50
4032000,55.10
4033000,53.20
4034000,52.70
4035000,49.60
4036000,55.00
4037000,48.70
4038000,53.80
4039000,52.30
4040000,53.70
4041000,50.10
4042000,47.70
4043000,48.70
4044000,38.90
4045000,43.50
4046000,41.50
4047000,52.90
4048000,50.20
4049000,49.90
4050000,47.60
4051000,50.70
4052000,54.30
4053000,51.30
4054000,56.50
4055000,56.10
4056000,52.90
4057000,52.50
4058000,49.80
4059000,53.50
4060000,48.30
4061000,45.20
4062000,41.50
4063000,45.30
4064000,42.60
4065000,47.60
4066000,53.80
4067000,56.20
4068000,52.70
4069000,41.70
4070000,53.90
4071000,52.80
4072000,54.20
4073000,50.90
4074000,54.10
4075000,51.60
4076000,50.20
4077000,55.10
4078000,43.70
4079000,38.80
4080000,54.00
4081000,53.50
4082000,53.80
4083000,57.90
4084000,52.70
4085000,55.00
4086000,48.40
4087000,45.70
4088000,47.80
4089000,51.90
4090000,52.70
4091000,57.60
4092000,48.60
4093000,51.90
4094000,56.70
4095000,55.90
4096000,55.00
4097000,49.70
4098000,51.70
4099000,52.00
4100000,49.00
4101000,49.30
4102000,51.80
4103000,54.00
4104000,54.60
4105000,50.80
4106000,50.30
4107000,50.40
4108000,49.00
4109000,50.00
4110000,50.00
4111000,50.40
4112000,45.80
4113000,47.40
4114000,53.90
4115000,56.40
4116000,53.70
4117000,51.00
4118000,46.70
4119000,51.00
4120000,51.90
4121000,53.40
4122000,56.20
4123000,53.00
4124000,51.80
4125000,59.50
4126000,54.20
4127000,51.40
4128000,50.50
4129000,54.50
4130000,57.90
4131000,58.50
4132000,51.40
4133000,45.50
4134000,55.70
4135000,56.20
4136000,54.30
4137000,51.00
4138000,55.20
4139000,53.00
4140000,55.00
4141000,56.30
4142000,51.50
4143000,53.60
4144000,52.40
4145000,53.60
4146000,54.30
4147000,54.40
4148000,51.30
4149000,50.50
4150000,51.50
4151000,57.30
4152000,54.30
4153000,50.80
4154000,49.80
4155000,53.80
4156000,54.50
4157000,56.90
4158000,51.60
4159000,55.40
4160000,49.00
4161000,50.60
4162000,50.60
4163000,51.60
4164000,50.10
4165000,49.80
4166000,50.00
4167000,54.80
4168000,49.30
4169000,53.70
4170000,52.60
4171000,54.10
4172000,46.50
4173000,49.10
4174000,44.90
4175000,47.00
4176000,53.60
4177000,52.00
4178000,50.10
4179000,50.80
4180000,48.70
4181000,49.10
4182000,52.90
4183000,53.80
4184000,53.30
4185000,52.20
4186000,54.60
4187000,52.60
4188000,54.30
4189000,49.10
4190000,47.10
4191000,55.30
4192000,57.70
4193000,58.80
4194000,54.60
4195000,56.80
4196000,48.60
4197000,55.30
4198000,55.60
4199000,53.50
4200000,50.10
4201000,51.60
4202000,55.20
4203000,55.10
4204000,58.30
4205000,57.20
4206000,56.50
4207000,51.10
4208000,52.10
4209000,51.40
4210000,52.10
4211000,53.60
4212000,53.70
4213000,50.30
4214000,48.40
4215000,46.60
4216000,53.00
4217000,55.80
4218000,53.40
4219000,52.60
4220000,44.40
4221000,37.30
4222000,37.90
4223000,50.90
4224000,58.10
4225000,54.60
4226000,55.20
4227000,53.60
4228000,56.00
4229000,52.50
4230000,49.50
4231000,47.60
4232000,55.50
4233000,50.60
4234000,51.90
4235000,44.80
4236000,54.60
4237000,57.40
4238000,53.80
4239000,54.30
4240000,49.20
4241000,50.40
4242000,47.10
4243000,53.60
4244000,53.00
4245000,52.30
4246000,49.70
4247000,54.20
4248000,50.80
4249000,54.30
4250000,43.10
4251000,31.50
4252000,47.90
4253000,50.70
4254000,56.20
4255000,55.50
4256000,50.90
4257000,50.50
4258000,56.60
4259000,49.20
4260000,33.40
4261000,41.70
4262000,52.70
4263000,50.70
4264000,52.60
4265000,53.30
4266000,53.40
4267000,53.30
4268000,37.60
4269000,41.90
4270000,50.90
4271000,56.80
4272000,55.40
4273000,54.30
4274000,52.50
4275000,43.80
4276000,44.40
4277000,50.20
4278000,50.90
4279000,53.20
4280000,57.00
4281000,49.20
4282000,31.20
4283000,50.80
4284000,55.00
4285000,55.30
4286000,58.40
4287000,45.90
4288000,53.00
4289000,55.10
4290000,56.40
4291000,57.50
4292000,58.10
4293000,53.60
4294000,46.80
4295000,53.50
4296000,51.30
4297000,52.00
4298000,54.60
4299000,54.00
4300000,55.60
4301000,55.70
4302000,52.90
4303000,56.50
4304000,46.30
4305000,56.00
4306000,46.10
4307000,54.60
4308000,50.30
4309000,52.30
4310000,45.90
4311000,47.90
4312000,47.20
4313000,43.30
4314000,58.10
4315000,61.00
4316000,61.90
4317000,60.00
4318000,60.70
4319000,59.80
4320000,63.90
4321000,61.20
4322000,61.50
4323000,57.10
4324000,58.90
4325000,52.80
4326000,49.10
4327000,46.30
4328000,54.00
4329000,54.20
4330000,48.70
4331000,52.40
4332000,52.60
4333000,53.10
4334000,51.30
4335000,47.40
4336000,54.90
4337000,41.20
4338000,47.80
4339000,53.20
4340000,48.20
4341000,49.60
4342000,52.40
4343000,49.90
4344000,45.70
4345000,55.00
4346000,55.20
4347000,53.70
4348000,47.90
4349000,44.90
4350000,49.50
4351000,48.60
4352000,39.20
4353000,46.40
4354000,44.00
4355000,51.80
4356000,49.10
4357000,50.10
4358000,45.40
4359000,49.00
4360000,37.90
4361000,42.30
4362000,46.20
4363000,52.10
4364000,55.70
4365000,52.40
4366000,49.30
4367000,51.10
4368000,43.10
4369000,50.60
4370000,52.20
4371000,51.20
4372000,53.60
4373000,48.20
4374000,43.30
4375000,50.60
4376000,48.90
4377000,52.60
4378000,50.30
4379000,52.60
4380000,55.70
4381000,56.00
4382000,50.60
4383000,46.50
4384000,47.90
4385000,50.00
4386000,53.90
4387000,56.70
4388000,56.50
4389000,54.80
4390000,52.20
4391000,53.40
4392000,46.80
4393000,53.00
4394000,57.70
4395000,54.40
4396000,55.70
4397000,55.50
4398000,57.80
4399000,53.00
4400000,48.90
4401000,55.20
4402000,55.70
4403000,53.60
4404000,49.60
4405000,54.70
4406000,49.20
4407000,56.30
4408000,55.00
4409000,53.60
4410000,41.20
4411000,48.60
4412000,46.70
4413000,53.80
4414000,53.20
4415000,53.20
4416000,47.40
4417000,53.20
4418000,50.20
4419000,45.90
4420000,52.70
4421000,53.30
4422000,55.60
4423000,57.70
4424000,49.20
4425000,51.80
4426000,48.20
4427000,37.30
4428000,52.30
4429000,51.50
4430000,52.90
4431000,52.40
4432000,54.00
4433000,53.50
4434000,51.40
4435000,50.30
4436000,47.40
4437000,43.60
4438000,41.50
4439000,46.10
4440000,51.60
4441000,49.60
4442000,49.90
4443000,53.70
4444000,54.80
4445000,55.50
4446000,56.60
4447000,52.20
4448000,51.50
4449000,46.50
4450000,51.10
4451000,54.90
4452000,57.70
4453000,55.10
4454000,51.90
4455000,50.40
4456000,55.30
4457000,51.80
4458000,55.80
4459000,49.70
4460000,52.20
4461000,54.00
4462000,48.80
4463000,52.80
4464000,53.80
4465000,55.20
4466000,51.80
4467000,49.40
4468000,53.70
4469000,52.10
4470000,50.50
4471000,51.30
4472000,47.80
4473000,52.60
4474000,46.70
4475000,41.40
4476000,30.50
4477000,46.40
4478000,47.10
4479000,42.30
4480000,39.10
4481000,56.90
4482000,53.20
4483000,52.20
4484000,57.40
4485000,53.60
4486000,51.50
4487000,54.40
4488000,52.60
4489000,53.60
4490000,47.10
4491000,48.80
4492000,52.50
4493000,48.40
4494000,40.20
4495000,55.00
4496000,47.90
4497000,44.80
4498000,50.10
4499000,49.60
4500000,49.70
4501000,53.60
4502000,51.20
4503000,45.50
4504000,36.70
4505000,36.60
4506000,43.10
4507000,43.60
4508000,46.70
4509000,54.70
4510000,48.50
4511000,57.10
4512000,60.40
4513000,58.90
4514000,56.20
4515000,59.00
4516000,57.50
4517000,58.80
4518000,49.70
4519000,49.10
4520000,48.10
4521000,48.80
4522000,48.90
4523000,58.50
4524000,53.10
4525000,40.00
4526000,49.30
4527000,55.20
4528000,53.00
4529000,51.40
4530000,51.70
4531000,49.90
4532000,53.90
4533000,53.60
4534000,43.40
4535000,44.10
4536000,43.30
4537000,48.30
4538000,43.50
4539000,38.80
4540000,37.10
4541000,36.60
4542000,40.00
4543000,49.20
4544000,46.20
4545000,47.40
4546000,47.20
4547000,51.20
4548000,51.50
4549000,50.40
4550000,52.90
4551000,51.50
4552000,53.90
4553000,56.10
4554000,56.30
4555000,43.60
4556000,34.60
4557000,50.40
4558000,55.10
4559000,55.10
4560000,49.30
4561000,52.90
4562000,50.00
4563000,45.20
4564000,55.70
4565000,52.20
4566000,51.70
4567000,54.80
4568000,48.00
4569000,48.20
4570000,52.20
4571000,51.40
4572000,38.30
4573000,45.30
4574000,50.00
4575000,48.30
4576000,50.50
4577000,37.40
4578000,41.10
4579000,45.10
4580000,41.90
4581000,46.90
4582000,55.00
4583000,54.60
4584000,54.40
4585000,54.30
4586000,48.80
4587000,52.00
4588000,54.60
4589000,54.50
4590000,57.50
4591000,46.40
4592000,56.00
4593000,54.20
4594000,47.00
4595000,46.60
4596000,51.30
4597000,51.30
4598000,50.20
4599000,51.40
4600000,51.20
4601000,53.20
4602000,50.70
4603000,39.30
4604000,47.00
4605000,48.90
4606000,52.30
4607000,56.00
4608000,52.90
4609000,53.80
4610000,54.40
4611000,48.10
4612000,50.50
4613000,54.80
4614000,58.10
4615000,55.60
4616000,52.70
4617000,50.20
4618000,55.60
4619000,54.30
4620000,53.30
4621000,51.30
4622000,53.10
4623000,57.80
4624000,53.00
4625000,57.80
4626000,57.40
4627000,53.10
4628000,50.20
4629000,55.70
4630000,52.30
4631000,56.00
4632000,52.40
4633000,55.10
4634000,54.70
4635000,46.40
4636000,55.10
4637000,52.80
4638000,51.00
4639000,50.00
4640000,42.40
4641000,48.77
